{"cameraMode":{"drawMode":0,"name":"Shaded","section":"Shading Mode"},"sceneLighting":true,"audioPlay":false,"sceneViewState":{"m_AlwaysRefresh":false,"showFog":true,"showSkybox":true,"showFlares":true,"showImageEffects":true,"showParticleSystems":true,"showVisualEffectGraphs":true,"m_FxEnabled":true},"in2DMode":false,"pivot":{"x":2.2224364280700685,"y":-3.6095218658447267,"z":114.39801025390625},"rotation":{"x":-0.260211706161499,"y":-0.03962010145187378,"z":0.010783250443637371,"w":-0.964726984500885},"size":13.352066993713379,"orthographic":false}