{"cameraMode":{"drawMode":0,"name":"Shaded","section":"Shading Mode"},"sceneLighting":true,"audioPlay":false,"sceneViewState":{"m_AlwaysRefresh":false,"showFog":true,"showSkybox":true,"showFlares":true,"showImageEffects":true,"showParticleSystems":true,"showVisualEffectGraphs":true,"m_FxEnabled":true},"in2DMode":false,"pivot":{"x":-1.2001813650131226,"y":0.9000000953674316,"z":399.99993896484377},"rotation":{"x":-0.23753316700458527,"y":-0.14128009974956513,"z":0.03503524884581566,"w":-0.9604610204696655},"size":5.392582893371582,"orthographic":false}