{"cameraMode":{"drawMode":0,"name":"Shaded","section":"Shading Mode"},"sceneLighting":true,"audioPlay":false,"sceneViewState":{"m_AlwaysRefresh":false,"showFog":true,"showSkybox":true,"showFlares":true,"showImageEffects":true,"showParticleSystems":true,"showVisualEffectGraphs":true,"m_FxEnabled":true},"in2DMode":false,"pivot":{"x":-7.667849063873291,"y":24.893592834472658,"z":-14.022518157958985},"rotation":{"x":-0.224687859416008,"y":0.026294594630599023,"z":-0.006064437795430422,"w":-0.9741235375404358},"size":9.194143295288086,"orthographic":false}